City_ID,City,Country,Lat,Lng,Max Temp,Humidity,Cloudiness,Wind Speed,Current Description
0,Albany,US,42.6001,-73.9662,76.95,74,96,1.01,overcast clouds
1,Jamestown,US,42.097,-79.2353,73.53,82,100,5.75,overcast clouds
2,Mataura,NZ,-46.1927,168.8643,39.47,88,90,2.51,overcast clouds
3,Kapaa,US,22.0752,-159.319,77.32,77,0,16.11,clear sky
4,Myitkyina,MM,25.3833,97.4,79.45,94,68,1.86,broken clouds
5,Chuy,UY,-33.6971,-53.4616,57.96,91,100,10.87,overcast clouds
6,Port Alfred,ZA,-33.5906,26.891,63.18,84,38,3.0,scattered clouds
7,Shahreza,IR,32.0339,51.8794,83.53,20,0,18.52,clear sky
8,Atuona,PF,-9.8,-139.0333,77.68,72,21,24.07,few clouds
9,Airai,TL,-8.9266,125.4092,52.48,90,44,1.77,scattered clouds
10,Upernavik,GL,72.7868,-56.1549,39.42,79,31,10.18,scattered clouds
11,Yellowknife,CA,62.456,-114.3525,66.72,48,0,5.75,smoke
12,Dvinskoy,RU,62.1535,45.1175,75.58,50,84,7.36,broken clouds
13,New Norfolk,AU,-42.7826,147.0587,49.71,80,81,2.53,broken clouds
14,Ancud,CL,-41.8697,-73.8203,42.22,80,54,21.39,light rain
15,Sorkjosen,NO,69.8,20.9333,60.8,51,75,1.14,broken clouds
16,Hilo,US,19.7297,-155.09,71.26,87,100,6.91,overcast clouds
17,Tautira,PF,-17.7333,-149.15,78.13,76,25,13.11,light rain
18,Luanda,AO,-8.8368,13.2343,73.4,78,40,8.05,scattered clouds
19,Khatanga,RU,71.9667,102.5,57.61,49,99,3.04,overcast clouds
20,Butaritari,KI,3.0707,172.7902,82.27,75,100,22.86,light rain
21,Beringovskiy,RU,63.05,179.3167,45.52,91,99,2.84,overcast clouds
22,Nyurba,RU,63.2842,118.3319,59.58,82,100,2.06,overcast clouds
23,Gao,ML,16.6362,1.637,102.87,20,14,6.8,few clouds
24,Esperance,AU,-33.8667,121.9,55.24,88,100,13.47,light rain
25,Rikitea,PF,-23.1203,-134.9692,74.73,76,3,19.37,clear sky
26,Xining,CN,36.6167,101.7667,67.05,38,21,1.63,few clouds
27,Chumikan,RU,54.7183,135.315,64.2,84,31,2.13,scattered clouds
28,Dongfeng,CN,42.6403,125.5118,70.05,99,100,5.82,heavy intensity rain
29,Ushuaia,AR,-54.8,-68.3,26.26,80,0,6.91,clear sky
30,Husavik,IS,66.0449,-17.3389,52.54,64,4,7.0,clear sky
31,East London,ZA,-33.0153,27.9116,65.34,72,0,6.91,clear sky
32,Saint-Philippe,RE,-21.3585,55.7679,69.39,74,65,12.03,broken clouds
33,Upington,ZA,-28.4478,21.2561,70.18,23,0,2.3,clear sky
34,Busselton,AU,-33.65,115.3333,49.01,80,4,11.07,clear sky
35,Ponta Do Sol,PT,32.6667,-17.1,77.72,62,0,2.28,clear sky
36,Roald,NO,62.5833,6.1333,55.54,88,75,9.22,light intensity drizzle rain
37,Chokurdakh,RU,70.6333,147.9167,46.22,58,99,9.98,overcast clouds
38,Matagami,CA,49.7502,-77.6328,55.51,67,0,8.05,clear sky
39,Mahebourg,MU,-20.4081,57.7,70.09,60,75,11.5,broken clouds
40,Pevek,RU,69.7008,170.3133,32.14,97,100,7.9,overcast clouds
41,Sambava,MG,-14.2667,50.1667,73.18,75,37,16.96,scattered clouds
42,Bathsheba,BB,13.2167,-59.5167,86.05,79,20,20.71,few clouds
43,Bluff,NZ,-46.6,168.3333,39.79,67,99,7.2,overcast clouds
44,Jiaocheng,CN,24.6774,116.1389,74.08,98,100,1.77,overcast clouds
45,Padang,ID,-0.9492,100.3543,80.65,86,48,3.71,scattered clouds
46,Charlestown,AU,-32.95,151.6667,61.86,98,100,8.99,light rain
47,Torbay,CA,47.6666,-52.7314,75.97,45,75,16.11,broken clouds
48,Saskylakh,RU,71.9167,114.0833,54.3,63,100,2.57,overcast clouds
49,Dikson,RU,73.5069,80.5464,33.49,91,54,9.8,broken clouds
50,Puerto Ayora,EC,-0.7393,-90.3518,73.36,87,35,7.0,scattered clouds
51,Avarua,CK,-21.2078,-159.775,69.85,64,75,4.61,broken clouds
52,Neath,GB,51.6632,-3.8044,76.17,65,39,1.01,scattered clouds
53,Mazsalaca,LV,57.8633,25.0547,62.26,79,100,6.38,overcast clouds
54,Cidreira,BR,-30.1811,-50.2056,66.34,86,100,11.79,overcast clouds
55,Bestobe,KZ,52.4994,73.0975,64.29,59,63,7.36,broken clouds
56,Punta Arenas,CL,-53.15,-70.9167,28.51,93,20,6.91,few clouds
57,Norman Wells,CA,65.282,-126.8329,64.44,59,40,4.61,smoke
58,Alice Springs,AU,-23.7,133.8833,36.95,52,0,4.61,clear sky
59,Dhidhdhoo,MV,6.8833,73.1,81.93,84,100,16.37,overcast clouds
60,Saint-Joseph,RE,-21.3667,55.6167,68.38,73,30,13.06,scattered clouds
61,Lorengau,PG,-2.0226,147.2712,81.84,79,53,8.75,broken clouds
62,Castelldefels,ES,41.2779,1.9703,92.53,62,20,16.11,few clouds
63,Bengkulu,ID,-3.8004,102.2655,79.65,86,100,6.22,overcast clouds
64,Ucluelet,CA,48.9329,-125.5528,58.08,93,97,0.25,overcast clouds
65,Taoudenni,ML,22.6783,-3.9836,116.4,4,1,11.21,clear sky
66,Porosozero,RU,62.7191,32.727,65.59,55,100,7.56,overcast clouds
67,Jining,CN,35.405,116.5814,73.99,95,5,6.38,clear sky
68,Cape Town,ZA,-33.9258,18.4232,62.11,67,20,12.66,few clouds
69,Adrar,MR,20.5022,-10.0711,111.47,6,23,7.09,few clouds
70,Tuktoyaktuk,CA,69.4541,-133.0374,55.4,88,20,4.61,few clouds
71,Rocha,UY,-34.4833,-54.3333,60.55,73,100,14.25,overcast clouds
72,Parkersburg,US,39.2667,-81.5615,74.01,88,75,9.22,broken clouds
73,Bodden Town,KY,19.2833,-81.25,87.8,75,20,9.22,few clouds
74,Zhaotong,CN,27.3167,103.7167,65.48,67,0,2.86,clear sky
75,Bredasdorp,ZA,-34.5322,20.0403,57.58,66,1,5.7,clear sky
76,Oranjestad,AW,12.524,-70.027,84.15,74,20,16.11,few clouds
77,Lagoa,PT,39.05,-27.9833,66.2,79,100,13.47,overcast clouds
78,Brae,GB,60.3964,-1.353,53.42,96,100,13.51,overcast clouds
79,Lages,BR,-27.8161,-50.3261,67.87,60,100,4.59,overcast clouds
80,Kaitangata,NZ,-46.2817,169.8464,43.3,82,86,6.35,overcast clouds
81,Ossora,RU,59.2353,163.0719,52.83,87,83,3.87,broken clouds
82,Hobart,AU,-42.8794,147.3294,50.05,83,33,6.06,scattered clouds
83,Kudeyevskiy,RU,54.8758,56.7567,58.46,97,99,2.66,moderate rain
84,Vaini,TO,-21.2,-175.2,71.76,83,75,8.05,broken clouds
85,Bambous Virieux,MU,-20.3428,57.7575,70.05,60,75,11.5,broken clouds
86,Touros,BR,-5.1989,-35.4608,83.59,64,19,17.83,few clouds
87,Ballina,AU,-28.8667,153.5667,56.01,88,25,11.74,scattered clouds
88,Castro,BR,-24.7911,-50.0119,69.46,42,100,6.69,overcast clouds
89,Solnechnyy,RU,50.7214,136.6319,70.38,91,74,5.79,broken clouds
90,Byron Bay,AU,-28.65,153.6167,55.94,82,15,7.76,few clouds
91,Cherskiy,RU,68.75,161.3,39.31,82,100,8.77,overcast clouds
92,Sundsvall,SE,62.3913,17.3063,67.96,49,75,6.91,broken clouds
93,Uhlove,UA,44.8215,33.6045,78.67,57,22,8.41,few clouds
94,Victoria,HK,22.2855,114.1577,84.38,85,100,5.99,light rain
95,Port Elizabeth,ZA,-33.918,25.5701,68.09,73,0,8.01,clear sky
96,Karratha,AU,-20.7377,116.8463,63.52,38,5,5.48,clear sky
97,Hermanus,ZA,-34.4187,19.2345,61.81,66,4,6.22,clear sky
98,Provideniya,RU,64.3833,-173.3,47.19,91,100,2.53,overcast clouds
99,Proletarsk,RU,46.7031,41.7192,88.97,19,0,11.97,clear sky
100,Wuzhou,CN,23.4833,111.3167,75.58,96,100,2.01,moderate rain
101,Ilulissat,GL,69.2167,-51.1,50.02,76,75,5.75,broken clouds
102,Lethem,GY,3.3803,-59.7968,86.29,61,19,5.7,few clouds
103,Lompoc,US,34.6391,-120.4579,62.78,91,100,9.22,mist
104,Georgetown,MY,5.4112,100.3354,84.15,79,20,5.99,few clouds
105,Narsaq,GL,60.9167,-46.05,57.42,78,100,5.06,overcast clouds
106,Waitati,NZ,-45.75,170.5667,44.8,75,30,4.76,scattered clouds
107,Bethel,US,41.3712,-73.414,84.56,65,40,10.36,scattered clouds
108,Oudtshoorn,ZA,-33.5907,22.2014,61.16,41,0,5.21,clear sky
109,Lebu,CL,-37.6167,-73.65,48.27,72,100,16.06,overcast clouds
110,Severo-Kurilsk,RU,50.6789,156.125,51.85,79,100,10.74,overcast clouds
111,Gat,IL,31.61,34.7642,87.4,40,0,12.19,clear sky
112,Cayenne,GF,4.9333,-52.3333,84.24,79,100,4.61,overcast clouds
113,Boyolangu,ID,-8.1181,111.8935,74.88,91,96,3.4,overcast clouds
114,Kavieng,PG,-2.5744,150.7967,81.12,80,79,11.61,light rain
115,Turukhansk,RU,65.8167,87.9833,56.5,74,100,4.52,overcast clouds
116,Halifax,CA,44.6453,-63.5724,60.69,96,100,14.97,moderate rain
117,Pozoblanco,ES,38.3791,-4.8483,92.53,16,0,7.7,clear sky
118,Yaan,NG,7.3833,8.5667,85.51,59,91,2.24,overcast clouds
119,Mindif,CM,10.3976,14.4363,91.2,38,100,4.61,overcast clouds
120,Katsuura,JP,35.1333,140.3,72.64,89,99,19.44,overcast clouds
121,Lenine,UA,45.2986,35.7771,86.27,38,5,13.85,clear sky
122,Nishihara,JP,26.1842,127.7558,81.68,89,20,8.05,few clouds
123,Along,IN,28.1667,94.7667,77.49,98,10,0.25,clear sky
124,Alekseyevsk,RU,57.8406,108.3492,57.79,84,89,2.1,overcast clouds
125,Gravdal,NO,68.1214,13.5031,57.09,62,40,9.22,scattered clouds
126,Saint-Georges,GD,12.0564,-61.7485,82.06,77,100,16.62,overcast clouds
127,Havre,FR,49.5833,0.3333,73.35,68,0,9.22,clear sky
128,Lodja,CD,-3.4833,23.4333,94.59,19,21,0.6,few clouds
129,Gairo,IT,39.8497,9.5047,83.17,21,16,1.92,few clouds
130,Batagay,RU,67.6333,134.6333,47.59,91,99,2.44,overcast clouds
131,Basco,PH,20.4487,121.9702,84.2,79,29,13.71,scattered clouds
132,Hobyo,SO,5.3505,48.5268,77.85,77,91,30.0,overcast clouds
133,Carnarvon,AU,-24.8667,113.6333,67.3,32,0,9.95,clear sky
134,Tasiilaq,GL,65.6145,-37.6368,41.16,84,100,6.55,overcast clouds
135,Neka,IR,36.6508,53.299,81.91,44,40,9.22,scattered clouds
136,Merauke,ID,-8.4667,140.3333,76.89,88,99,10.22,overcast clouds
137,Hot Springs,US,34.5037,-93.0552,90.63,66,0,6.91,clear sky
138,Longyearbyen,SJ,78.2186,15.6401,46.24,61,75,13.8,broken clouds
139,Kodiak,US,57.79,-152.4072,53.11,87,100,0.0,mist
140,Cape Canaveral,US,28.4058,-80.6048,90.05,74,75,6.91,broken clouds
141,Kieta,PG,-6.2167,155.6333,78.53,83,86,7.07,light rain
142,Trairi,BR,-3.2778,-39.2689,84.11,60,45,14.29,scattered clouds
143,Poum,NC,-20.2333,164.0167,77.7,80,100,19.95,overcast clouds
144,Akdepe,TM,42.0551,59.3788,84.29,26,1,17.56,clear sky
145,Paita,PE,-5.0892,-81.1144,66.65,74,13,13.18,few clouds
146,The Valley,AI,18.217,-63.0578,85.1,70,20,17.27,few clouds
147,Talnakh,RU,69.4865,88.3972,56.21,87,100,2.3,overcast clouds
148,Mar Del Plata,AR,-38.0023,-57.5575,41.02,100,100,9.22,fog
149,Grants,US,35.1473,-107.8514,64.63,72,40,0.0,scattered clouds
150,Goundam,ML,16.4145,-3.6708,104.07,19,88,8.03,overcast clouds
151,Port Hueneme,US,34.1478,-119.1951,70.05,90,100,4.61,overcast clouds
152,Cabuyaro,CO,4.2817,-72.794,80.49,77,56,5.26,broken clouds
153,Nikolskoye,RU,59.7035,30.7861,72.79,48,100,5.53,overcast clouds
154,Gorontalo,ID,0.5412,123.0595,75.63,95,96,2.21,overcast clouds
155,Harper,LR,4.375,-7.7169,81.09,71,70,9.15,broken clouds
156,Okha,RU,53.5739,142.9478,63.0,81,11,10.96,few clouds
157,Qui Nhon,VN,13.7667,109.2333,81.07,89,100,10.2,overcast clouds
158,Quatre Cocos,MU,-20.2078,57.7625,69.91,62,81,14.83,broken clouds
159,Kyren,RU,51.6828,102.1408,59.59,81,100,1.14,overcast clouds
160,Saint Anthony,US,45.0205,-93.218,73.78,81,100,5.75,overcast clouds
161,Tambacounda,SN,13.7539,-13.7586,89.65,66,75,6.91,broken clouds
162,Hirara,JP,24.8,125.2833,84.16,80,2,16.93,clear sky
163,Sakaiminato,JP,35.55,133.2333,76.98,94,75,8.05,broken clouds
164,Necochea,AR,-38.5473,-58.7368,51.98,71,92,14.88,overcast clouds
165,Klaksvik,FO,62.2266,-6.589,50.92,92,50,20.47,scattered clouds
166,Ulladulla,AU,-35.35,150.4667,56.3,88,100,8.68,overcast clouds
167,Kholodnyy,RU,62.7167,147.95,72.68,63,39,9.24,scattered clouds
168,Bosaso,SO,11.2842,49.1816,96.78,49,0,8.05,clear sky
169,Arraial Do Cabo,BR,-22.9661,-42.0278,82.36,65,0,9.22,clear sky
170,Naifaru,MV,5.4444,73.3657,82.56,82,99,15.12,overcast clouds
171,Hay River,CA,60.8156,-115.7999,60.78,72,75,0.0,broken clouds
172,Ngerengere,TZ,-6.75,38.1167,80.24,44,88,2.13,overcast clouds
173,Pryazha,RU,61.6926,33.6216,69.03,48,97,8.57,overcast clouds
174,Mujiayingzi,CN,42.1167,118.7833,65.43,89,8,2.66,clear sky
175,Tiksi,RU,71.6872,128.8694,34.52,92,62,3.38,broken clouds
176,Samarai,PG,-10.6167,150.6667,81.23,82,17,9.82,few clouds
177,Abapo,BO,-18.8333,-63.4667,81.37,40,79,2.48,broken clouds
178,San Policarpo,PH,12.1791,125.5072,80.08,80,37,2.33,scattered clouds
179,Fort-Shevchenko,KZ,44.5086,50.263,71.78,49,0,11.63,clear sky
180,North Platte,US,41.1239,-100.7654,73.11,80,0,0.0,clear sky
181,Osoyoos,CA,49.0331,-119.4524,66.61,72,100,4.61,overcast clouds
182,Oktyabrskiy,RU,54.4815,53.471,68.77,76,40,10.38,light rain
183,Jiwani,PK,25.05,61.7417,86.02,79,85,4.32,overcast clouds
184,Hasaki,JP,35.7333,140.8333,73.8,91,99,17.38,overcast clouds
185,Half Moon Bay,US,37.4636,-122.4286,65.82,85,100,9.22,overcast clouds
186,Peniche,PT,39.3558,-9.3811,76.28,77,4,9.37,clear sky
187,Rio Grande,BR,-32.035,-52.0986,57.31,92,100,13.29,moderate rain
188,Qaanaaq,GL,77.484,-69.3632,38.98,95,100,0.72,light rain
189,Republic,US,37.12,-93.4802,89.87,54,0,11.5,clear sky
190,Coruche,PT,38.9595,-8.5252,101.7,19,0,4.83,clear sky
191,Pankrushikha,RU,53.8319,80.3406,61.48,94,100,10.89,light rain
192,Aklavik,CA,68.2191,-135.0107,62.6,94,75,3.44,smoke
193,Dzaoudzi,YT,-12.7887,45.2699,78.69,69,0,2.3,clear sky
194,Chara,RU,56.9064,118.2631,58.3,93,100,4.9,moderate rain
195,Ixtapa,MX,20.7,-105.2,81.23,81,96,1.01,overcast clouds
196,Isangel,VU,-19.55,169.2667,74.55,89,94,7.36,overcast clouds
197,Coquimbo,CL,-29.9533,-71.3436,51.53,71,0,4.61,clear sky
198,Uray,RU,60.1247,64.7758,67.89,56,44,3.42,scattered clouds
199,Ajaccio,FR,42.0,8.9167,80.65,65,0,14.97,clear sky
200,Trinidad,BO,-14.8333,-64.9,84.18,70,36,8.05,scattered clouds
201,Kidal,ML,18.4411,1.4078,104.22,15,28,3.6,scattered clouds
202,Nipawin,CA,53.3668,-104.0009,57.24,100,100,8.05,overcast clouds
203,Lovozero,RU,68.005,35.0117,67.8,42,99,9.51,overcast clouds
204,Saint George,US,37.1041,-113.5841,85.42,24,0,10.36,clear sky
205,Ambon,ID,-3.6954,128.1814,79.23,14,20,2.3,few clouds
206,Huarmey,PE,-10.0681,-78.1522,65.89,76,30,7.14,scattered clouds
207,Katangli,RU,51.7102,143.2326,59.61,91,0,8.9,clear sky
208,San Quintin,MX,30.4833,-115.95,67.73,78,79,10.54,broken clouds
209,Saint-Leu,RE,-21.15,55.2833,69.31,71,26,14.99,scattered clouds
210,Sishui,CN,35.6489,117.2758,73.2,94,9,3.18,clear sky
211,Omboue,GA,-1.5746,9.2618,75.94,71,77,11.18,broken clouds
212,Springbok,ZA,-29.6643,17.8865,59.23,25,0,6.42,clear sky
213,Meadow Lake,US,34.8014,-106.5436,78.48,60,3,4.85,clear sky
214,Lasa,IT,46.6166,10.7002,80.69,39,40,0.27,scattered clouds
215,Sao Filipe,CV,14.8961,-24.4956,76.84,83,50,10.87,scattered clouds
216,Namibe,AO,-15.1961,12.1522,70.23,70,7,9.98,clear sky
217,Faya,SA,18.3851,42.4509,82.51,25,82,10.58,broken clouds
218,Capitao Poco,BR,-1.7464,-47.0594,83.61,70,5,5.93,clear sky
219,Kharp,RU,66.8014,65.8081,64.92,76,93,7.02,overcast clouds
220,Lola,GN,7.8,-8.5333,80.33,66,98,2.51,overcast clouds
221,Kailua,US,21.4022,-157.7394,75.49,78,40,8.05,scattered clouds
222,Hamilton,US,39.1834,-84.5333,86.88,79,0,10.36,clear sky
223,Tromso,NO,69.6496,18.957,54.37,71,75,19.57,broken clouds
224,Sisimiut,GL,66.9395,-53.6735,43.3,91,76,6.91,broken clouds
225,Vanavara,RU,60.34,102.2797,59.18,76,66,3.71,broken clouds
226,Jasper,US,37.2001,-94.3502,89.46,53,0,12.66,clear sky
227,Wattegama,LK,6.7989,81.4808,80.92,67,100,3.13,overcast clouds
228,Sonoita,MX,31.85,-112.8333,85.48,14,0,6.71,clear sky
229,Kaseda,JP,31.4167,130.3167,79.03,90,100,2.86,overcast clouds
230,Srandakan,ID,-7.9386,110.2506,77.4,86,100,7.31,overcast clouds
231,Hami,CN,42.8,93.45,82.38,24,40,21.7,scattered clouds
232,Chulman,RU,56.8479,124.9104,67.41,88,98,8.99,light rain
233,Sola,VU,-13.8833,167.55,80.96,74,43,15.86,scattered clouds
234,Slave Lake,CA,55.2834,-114.769,57.18,82,75,6.91,broken clouds
235,Saldanha,ZA,-33.0117,17.9442,60.85,66,0,6.85,clear sky
236,Dingle,PH,10.9995,122.6711,73.11,96,100,4.54,overcast clouds
237,Invermere,CA,50.5167,-116.0354,63.5,58,79,0.94,broken clouds
238,San Cristobal,VE,7.7669,-72.225,73.58,58,45,7.72,scattered clouds
239,Rakiv Lis,UA,51.6217,24.9243,64.31,70,100,13.49,overcast clouds
240,Kavaratti,IN,10.5669,72.642,81.77,83,99,17.16,overcast clouds
241,Marawi,PH,7.9986,124.2928,70.32,92,100,2.64,light rain
242,Nelson Bay,AU,-32.7167,152.15,62.11,99,100,15.99,light rain
243,Gonc,HU,48.4667,21.2833,77.92,41,29,14.16,scattered clouds
244,Panacan,PH,9.2463,118.4082,80.74,81,100,3.49,overcast clouds
245,Sfantu Gheorghe,RO,45.8667,25.7833,70.27,81,93,12.26,overcast clouds
246,Pangnirtung,CA,66.1451,-65.7125,42.8,87,20,18.41,few clouds
247,Tazovskiy,RU,67.4667,78.7,55.09,68,74,9.19,broken clouds
248,Angoche,MZ,-16.2325,39.9086,74.75,64,67,9.35,broken clouds
249,Chapais,CA,49.7834,-74.8492,58.78,37,5,7.02,clear sky
250,Isla Vista,US,34.4133,-119.861,64.92,94,40,4.61,scattered clouds
251,Faanui,PF,-16.4833,-151.75,78.53,70,11,11.07,few clouds
252,Paragominas,BR,-2.9667,-47.4833,87.35,49,3,6.38,clear sky
253,Comodoro Rivadavia,AR,-45.8667,-67.5,40.86,60,0,8.05,clear sky
254,Mogadishu,SO,2.0371,45.3438,80.47,74,75,19.57,broken clouds
255,Geraldton,AU,-28.7667,114.6,54.01,94,5,1.14,mist
256,Asau,RO,46.4333,26.4,76.12,78,100,1.99,overcast clouds
257,Bullhead City,US,35.1478,-114.5683,91.02,16,0,4.61,clear sky
258,Mangrol,IN,21.1167,70.1167,81.5,86,81,11.74,broken clouds
259,Iqaluit,CA,63.7506,-68.5145,41.7,100,100,8.05,mist
260,Ribeira Grande,PT,38.5167,-28.7,72.0,64,75,12.66,broken clouds
261,Lakatoro,VU,-16.0999,167.4164,78.6,86,53,11.14,broken clouds
262,Nuuk,GL,64.1835,-51.7216,43.88,93,100,1.01,overcast clouds
263,Kahului,US,20.8947,-156.47,75.85,76,0,17.27,clear sky
264,Gushikawa,JP,26.3544,127.8686,81.63,94,0,4.61,clear sky
265,Manggar,ID,-2.8833,108.2667,81.45,74,7,4.74,clear sky
266,Anadyr,RU,64.75,177.4833,46.9,87,75,11.18,broken clouds
267,Kruisfontein,ZA,-34.0033,24.7314,65.88,64,0,5.53,clear sky
268,Darhan,MN,49.4867,105.9228,61.34,78,100,4.03,overcast clouds
269,Piacabucu,BR,-10.4056,-36.4344,76.55,86,70,17.11,light rain
270,Killam,CA,52.7834,-111.8518,57.15,100,100,5.75,overcast clouds
271,Serpa,PT,37.9458,-7.5975,85.96,15,0,6.33,clear sky
272,Estancia,BR,-11.2683,-37.4383,78.71,71,31,10.8,scattered clouds
273,College,US,64.8569,-147.8028,63.81,86,75,5.75,smoke
274,Santarem,BR,-2.4431,-54.7083,86.13,79,20,8.05,few clouds
275,Bay Roberts,CA,47.5999,-53.2648,76.75,59,100,7.0,overcast clouds
276,Jeremie,HT,18.65,-74.1167,84.13,67,24,5.41,few clouds
277,Cabedelo,BR,-6.9811,-34.8339,84.87,70,3,14.25,clear sky
278,Kawit,PH,14.45,120.9,84.31,85,40,2.3,scattered clouds
279,Koumac,NC,-20.5667,164.2833,76.08,78,100,6.15,overcast clouds
280,Englehart,CA,47.8169,-79.8664,59.02,77,0,9.22,clear sky
281,Apac,UG,1.9756,32.5386,81.16,42,83,3.85,broken clouds
282,Antalaha,MG,-14.9003,50.2788,70.23,82,8,11.32,light rain
283,Palauig,PH,15.435,119.9045,80.4,80,96,5.82,overcast clouds
284,Fortuna,US,40.5982,-124.1573,59.94,92,100,1.99,overcast clouds
285,Pauini,BR,-7.7136,-66.9764,85.01,60,95,3.22,overcast clouds
286,Barrow,US,71.2906,-156.7887,42.82,87,100,0.0,mist
287,Jahazpur,IN,25.6167,75.2833,92.01,51,72,8.16,light rain
288,Coihaique,CL,-45.5752,-72.0662,32.61,100,100,3.44,fog
289,Honiara,SB,-9.4333,159.95,75.78,76,91,4.47,overcast clouds
290,Okhotsk,RU,59.3833,143.3,57.02,87,1,5.44,clear sky
291,Alamogordo,US,32.8995,-105.9603,83.57,51,0,13.8,clear sky
292,Boende,CD,-0.2167,20.8667,82.83,56,96,1.25,overcast clouds
293,Pathein,MM,16.7833,94.7333,80.08,89,100,4.81,overcast clouds
294,Codrington,AU,-38.2667,141.9667,47.3,84,60,8.75,broken clouds
295,Umm Lajj,SA,25.0213,37.2685,91.8,41,2,11.99,clear sky
296,Kathu,TH,7.9178,98.3332,85.75,87,99,7.18,overcast clouds
297,Luderitz,NA,-26.6481,15.1594,61.57,57,0,14.25,clear sky
298,Alugan,PH,12.2188,125.4808,79.68,81,42,2.24,scattered clouds
299,Sabang,ID,5.8933,95.3214,83.57,77,31,11.45,scattered clouds
300,Cabo San Lucas,MX,22.8909,-109.9124,83.61,62,16,7.9,few clouds
301,Dunedin,NZ,-45.8742,170.5036,44.8,75,54,7.0,broken clouds
302,Teruel,ES,40.6667,-0.6667,67.5,60,21,4.09,moderate rain
303,Buala,SB,-8.145,159.5921,79.3,80,100,7.58,overcast clouds
304,Tilichiki,RU,60.4667,166.1,47.79,89,100,1.66,overcast clouds
305,Constitucion,CL,-35.3333,-72.4167,51.01,74,100,12.84,overcast clouds
306,Sitka,US,57.0531,-135.33,55.29,88,100,8.05,mist
307,Kargasok,RU,59.0556,80.8572,63.82,66,34,8.59,scattered clouds
308,Bhalwal,PK,32.272,72.9043,89.76,63,98,11.1,light rain
309,San Felipe,VE,10.3399,-68.7425,82.96,70,71,4.88,broken clouds
310,Bage,BR,-31.3314,-54.1069,62.38,94,100,13.8,overcast clouds
311,Verkhnevilyuysk,RU,63.4453,120.3167,58.6,75,100,3.15,overcast clouds
312,Utinga,BR,-5.8172,-35.3954,88.2,65,75,21.85,broken clouds
313,Laguna,US,38.421,-121.4238,66.34,73,0,6.91,clear sky
314,Christchurch,NZ,-43.5333,172.6333,32.2,100,51,3.44,mist
315,Cap Malheureux,MU,-19.9842,57.6142,68.47,67,43,1.99,scattered clouds
316,Kalaleh,IR,37.3807,55.4916,89.96,27,0,9.22,clear sky
317,Balkanabat,TM,39.5108,54.3671,87.12,18,0,16.6,clear sky
318,Ishigaki,JP,24.3448,124.1572,82.53,89,7,6.91,clear sky
319,Eureka,US,40.8021,-124.1637,62.67,80,98,0.92,overcast clouds
320,La Ronge,CA,55.1001,-105.2842,61.05,67,75,5.75,broken clouds
321,Paramonga,PE,-10.6667,-77.8333,63.45,80,79,7.05,broken clouds
322,Banda Aceh,ID,5.5577,95.3222,80.78,78,58,6.67,broken clouds
323,Alofi,NU,-19.0595,-169.9187,69.69,88,96,3.44,overcast clouds
324,Petropavlovsk-Kamchatskiy,RU,53.0452,158.6483,54.19,100,75,4.47,light rain
325,Izumo,JP,35.3667,132.7667,76.95,94,10,3.31,clear sky
326,Batticaloa,LK,7.7102,81.6924,85.21,67,100,7.11,overcast clouds
327,North Bend,US,43.4065,-124.2243,60.93,96,100,3.44,overcast clouds
328,Zhifang,CN,30.35,114.3167,82.38,84,10,1.9,clear sky
329,Aba,NG,5.1066,7.3667,84.4,67,63,4.41,moderate rain
330,Leningradskiy,RU,69.3833,178.4167,39.54,87,99,12.41,overcast clouds
331,Kabwe,ZM,-14.4469,28.4464,71.58,32,5,7.45,clear sky
332,Heyang,CN,26.1011,107.473,70.29,94,13,2.42,few clouds
333,Stornoway,GB,58.2093,-6.3865,57.16,89,75,24.16,broken clouds
334,Bitung,ID,1.4451,125.1824,76.05,85,91,7.7,overcast clouds
335,Nouadhibou,MR,20.931,-17.0347,80.58,57,0,19.57,dust
336,Mecca,SA,21.4267,39.8261,99.34,15,22,18.95,few clouds
337,Belaya Gora,RU,68.5333,146.4167,46.69,90,100,7.34,light rain
338,Boffa,GN,10.1667,-14.0333,86.5,78,75,7.49,light rain
339,Marsh Harbour,BS,26.5412,-77.0636,83.12,69,41,10.22,scattered clouds
340,Krasnoselkup,RU,65.7,82.4667,60.98,73,86,5.93,overcast clouds
341,Neryungri,RU,56.6709,124.6491,67.37,90,100,8.43,light rain
342,Simga,IN,21.6333,81.7,86.45,67,99,2.86,overcast clouds
343,Sao Joao Da Barra,BR,-21.6403,-41.0511,80.69,57,0,13.24,clear sky
344,Santander,ES,43.4647,-3.8044,74.71,80,40,8.99,scattered clouds
345,Itarema,BR,-2.9248,-39.9167,84.81,60,40,16.69,scattered clouds
346,Sangar,RU,63.9242,127.4739,56.55,86,100,3.8,overcast clouds
347,Chanute,US,37.6792,-95.4572,87.46,60,3,9.04,clear sky
348,Koslan,RU,63.4564,48.8989,75.92,54,82,6.78,broken clouds
349,Sorong,ID,-0.8833,131.25,77.25,91,100,10.96,overcast clouds
350,Santa Rita,BR,-7.1139,-34.9781,84.87,65,75,14.97,broken clouds
351,Wukari,NG,7.85,9.7833,84.92,62,96,1.9,light rain
352,Jaumave,MX,23.4167,-99.3833,84.16,37,13,3.65,few clouds
353,Mokhsogollokh,RU,61.4681,128.9203,64.24,85,100,2.64,overcast clouds
354,Batemans Bay,AU,-35.7167,150.1833,56.1,82,100,6.82,overcast clouds
355,Lata,PT,40.1629,-8.3327,86.07,52,0,10.13,clear sky
356,Singaparna,ID,-7.3515,108.111,71.65,98,98,1.88,overcast clouds
357,Kangaatsiaq,GL,68.3065,-53.4641,40.26,91,100,8.21,overcast clouds
358,Santa Fe,AR,-31.6333,-60.7,55.99,98,100,1.99,light rain
359,Vila Velha,BR,-20.3297,-40.2925,82.35,56,20,5.75,few clouds
360,Pitkyaranta,RU,61.5734,31.4792,62.11,67,96,9.42,overcast clouds
361,Berlevag,NO,70.8578,29.0864,55.4,87,100,9.22,overcast clouds
362,Quang Ngai,VN,15.1167,108.8,78.44,94,100,6.49,overcast clouds
363,Moussoro,TD,13.6408,16.4901,97.65,30,88,15.03,overcast clouds
364,Richards Bay,ZA,-28.783,32.0377,68.74,78,58,10.2,broken clouds
365,Ardakan,IR,32.31,54.0175,94.28,14,0,21.47,clear sky
366,Sapa,PH,5.1544,120.3241,81.16,81,25,4.97,scattered clouds
367,Catarman,PH,12.4989,124.6377,76.66,93,82,3.78,broken clouds
368,Ponta Delgada,PT,37.7333,-25.6667,75.51,73,40,14.97,scattered clouds
369,Tevaitoa,PF,-16.7833,-151.5,78.55,71,15,10.83,few clouds
370,Belogorsk,RU,50.9158,128.4611,72.34,93,100,11.1,overcast clouds
371,Corpus Christi,US,27.8006,-97.3964,89.64,75,75,11.5,broken clouds
372,Churapcha,RU,62.0025,132.4325,66.85,93,67,5.77,broken clouds
373,Quimper,FR,48.0,-4.1,77.58,50,0,12.66,clear sky
374,Tjome,NO,59.1109,10.3933,68.14,51,75,9.22,broken clouds
375,Zalantun,CN,48.0,122.7167,60.1,93,100,2.53,overcast clouds
376,Tall Kayf,TR,37.0833,41.0667,100.35,10,6,4.36,clear sky
377,Pemberton,CA,50.3164,-122.8027,56.89,70,100,1.32,overcast clouds
378,Litovko,RU,49.2361,135.1742,72.34,92,3,2.71,clear sky
379,Clyde River,CA,70.4692,-68.5914,50.23,62,20,3.44,few clouds
380,Paptalaya,HN,15.5,-84.3167,83.28,73,96,7.09,overcast clouds
381,Tessalit,ML,20.1986,1.0114,104.65,14,34,4.65,scattered clouds
382,Portland,US,45.5234,-122.6762,64.99,92,100,5.01,overcast clouds
383,Pisco,PE,-13.7,-76.2167,61.02,77,96,3.44,haze
384,Tambopata,PE,-12.7333,-69.1833,84.09,65,20,2.3,few clouds
385,Hithadhoo,MV,-0.6,73.0833,82.85,76,100,11.27,overcast clouds
386,Nome,US,64.5011,-165.4064,52.16,87,100,10.36,light rain
387,Haysville,US,37.5645,-97.3523,89.31,56,0,4.0,clear sky
388,Wenling,CN,28.3669,121.36,80.22,89,50,17.98,scattered clouds
389,Abu Dhabi,AE,24.4667,54.3667,96.82,69,0,9.22,clear sky
390,Port Blair,IN,11.6667,92.75,80.64,89,75,2.3,mist
391,Nivala,FI,63.9167,24.9667,57.81,88,100,3.96,overcast clouds
392,Tottori,JP,35.5,134.2333,73.22,92,5,1.97,clear sky
393,Mezen,RU,65.8522,44.24,73.06,56,15,6.17,few clouds
394,Honningsvag,NO,70.9821,25.9704,55.15,67,100,10.36,light rain
395,Bodinayakkanur,IN,10.0167,77.35,76.53,81,100,5.35,overcast clouds
396,Kununurra,AU,-15.7667,128.7333,51.78,71,21,0.0,few clouds
397,San Patricio,US,28.017,-97.5169,89.49,59,100,11.25,overcast clouds
398,Maldonado,UY,-34.6667,-54.9167,57.22,74,100,14.88,light rain
399,Saint-Pierre,RE,-21.3393,55.4781,69.91,67,20,14.97,few clouds
400,Maloy,NO,61.9353,5.1136,53.33,84,100,16.22,light rain
401,Birganj,NP,27.0104,84.8774,89.83,60,95,13.73,overcast clouds
402,Lazaro Cardenas,MX,17.9583,-102.2,81.07,72,82,3.47,broken clouds
403,Baijiantan,CN,45.6333,85.1833,83.32,27,9,5.93,clear sky
404,Sao Borja,BR,-28.6606,-56.0044,76.95,62,96,13.09,overcast clouds
405,Pontal Do Parana,BR,-25.6533,-48.5128,78.98,56,90,3.29,overcast clouds
406,Tura,IN,25.5198,90.2201,75.69,91,80,3.27,broken clouds
407,Gizo,SB,-8.103,156.8419,81.57,78,100,9.28,overcast clouds
408,El Guamo,CO,10.0316,-74.9761,83.64,75,62,10.54,broken clouds
409,Beyla,GN,8.6833,-8.6333,77.63,75,91,4.59,light rain
410,Thompson,CA,55.7435,-97.8558,64.56,55,75,6.91,broken clouds
411,San Ramon,US,37.7799,-121.978,64.81,78,85,5.01,overcast clouds
412,Mount Isa,AU,-20.7333,139.5,42.57,87,4,3.44,clear sky
413,Ust-Maya,RU,60.4167,134.5333,73.65,72,5,2.75,light rain
414,Mehamn,NO,71.0357,27.8492,55.35,76,75,2.3,broken clouds
415,Atar,MR,20.5169,-13.0499,111.81,8,8,17.9,clear sky
416,Bosobolo,CD,4.1833,19.9,79.99,72,85,2.06,light rain
417,Kyra,RU,49.5776,111.9753,55.74,73,8,2.86,clear sky
418,Vanimo,PG,-2.6741,141.3028,77.56,87,100,1.97,overcast clouds
419,Pochutla,MX,15.7432,-96.4661,80.82,70,100,4.29,overcast clouds
420,Rundu,NA,-17.9333,19.7667,80.19,17,2,6.91,clear sky
421,Palmer,US,42.1584,-72.3287,81.14,63,89,5.01,overcast clouds
422,Safaga,EG,26.7292,33.9365,90.95,37,0,12.57,clear sky
423,Micheldorf,AT,46.9222,14.4405,79.48,57,97,3.6,overcast clouds
424,Bam,IR,29.106,58.357,95.9,14,23,14.83,few clouds
425,Vao,NC,-22.6667,167.4833,75.49,76,100,12.26,overcast clouds
426,Trapani,IT,37.8333,12.6667,95.88,32,3,12.57,clear sky
427,Ketchikan,US,55.3422,-131.6461,57.67,88,100,0.0,overcast clouds
428,Margate,GB,51.3813,1.3862,73.87,68,100,4.0,overcast clouds
429,Campoverde,PE,-8.4753,-74.8058,82.09,54,15,1.16,few clouds
430,Bubaque,GW,11.2833,-15.8333,80.91,79,99,10.92,overcast clouds
431,Panzhihua,CN,26.5851,101.7128,77.76,66,0,0.67,clear sky
432,Moranbah,AU,-22.0016,148.0466,52.16,67,0,7.16,clear sky
433,Dalbandin,PK,28.8947,64.4101,83.59,64,90,23.64,light rain
434,Deputatskiy,RU,69.3,139.9,41.23,90,100,4.43,overcast clouds
435,Najran,SA,17.4924,44.1277,97.45,13,100,9.62,overcast clouds
436,Novonukutskiy,RU,53.7002,102.7117,59.97,87,99,13.2,overcast clouds
437,Toora-Khem,RU,52.4675,96.11,52.95,80,88,3.89,overcast clouds
438,Yingcheng,CN,30.95,113.55,79.11,86,15,0.54,few clouds
439,Nanortalik,GL,60.1432,-45.2371,44.92,86,96,6.6,overcast clouds
440,Shimoda,JP,34.6667,138.95,73.11,89,99,13.91,overcast clouds
441,Manokwari,ID,-0.8667,134.0833,78.94,84,100,5.5,overcast clouds
442,Kasane,BW,-17.8167,25.15,80.69,21,20,10.36,few clouds
443,Fairbanks,US,64.8378,-147.7164,63.82,88,25,0.92,scattered clouds
444,Odesskoye,RU,54.2111,72.9651,59.27,87,100,7.81,overcast clouds
445,Tigzirt,DZ,36.8886,4.1198,90.09,53,69,13.76,broken clouds
446,Henties Bay,NA,-22.116,14.2845,61.02,70,0,13.94,clear sky
447,Tuatapere,NZ,-46.1333,167.6833,39.27,88,58,3.56,broken clouds
448,Yinchuan,CN,38.4681,106.2731,88.66,16,0,6.29,clear sky
449,Turangi,NZ,-39.0,175.9333,38.44,85,99,2.82,overcast clouds
450,Vila Franca Do Campo,PT,37.7167,-25.4333,75.2,68,100,7.47,overcast clouds
451,Birjand,IR,32.8663,59.2211,91.87,11,0,18.41,clear sky
452,Nunkini,MX,20.3333,-90.1833,87.98,54,54,5.59,broken clouds
453,Ust-Ilimsk,RU,58.0006,102.6619,60.28,72,16,2.1,few clouds
454,Remedios,CU,22.4947,-79.5458,84.22,69,12,10.0,few clouds
455,Maunabo,PR,18.0072,-65.8993,86.52,79,16,10.89,few clouds
456,Muli,MV,2.9167,73.5667,82.54,76,99,4.59,heavy intensity rain
457,Mubi,NG,10.2676,13.2644,82.56,59,83,6.6,broken clouds
458,Ejura,GH,7.3856,-1.3562,84.27,65,83,3.83,light rain
459,Palana,RU,59.1167,159.9667,47.61,95,100,6.35,overcast clouds
460,Mango,US,27.9797,-82.3065,91.94,81,40,1.99,scattered clouds
461,Eyl,SO,7.9803,49.8164,85.87,52,24,30.2,few clouds
462,Kunashak,RU,55.7032,61.5498,63.12,84,100,5.64,overcast clouds
463,Grand-Lahou,CI,5.1367,-5.0242,81.5,71,56,8.84,broken clouds
464,Faridabad,IN,28.4333,77.3167,97.05,35,21,9.62,few clouds
465,Moratuwa,LK,6.773,79.8816,80.08,83,94,12.88,overcast clouds
466,Indio,US,33.7206,-116.2156,90.12,45,0,8.05,clear sky
467,Nuevo Progreso,MX,23.1667,-97.95,86.9,64,40,3.0,scattered clouds
468,Santa Isabel,BR,-23.3156,-46.2214,76.3,35,93,1.99,overcast clouds
469,Lavrentiya,RU,65.5833,-171.0,44.92,93,99,2.95,overcast clouds
470,Berja,ES,36.8469,-2.9497,90.7,55,2,5.44,clear sky
471,Sorland,NO,67.667,12.6934,53.46,74,86,15.57,overcast clouds
472,Forio,IT,40.7342,13.8646,91.69,63,1,10.0,clear sky
473,Inta,RU,66.0317,60.1659,74.03,46,0,4.9,clear sky
474,Aljezur,PT,37.3191,-8.8033,76.21,62,4,10.8,clear sky
475,Hopkinsville,US,36.8656,-87.4886,91.62,77,5,10.6,clear sky
476,Gilbues,BR,-9.8317,-45.3439,87.26,27,0,11.32,clear sky
477,Letlhakeng,BW,-24.0944,25.0298,72.46,27,0,3.29,clear sky
478,Iquique,CL,-20.2208,-70.1431,60.84,69,68,6.62,broken clouds
479,Ostrovnoy,RU,68.0531,39.5131,66.92,58,68,15.3,light rain
480,Leh,IN,34.1667,77.5833,69.08,45,100,9.04,overcast clouds
481,Kumluca,TR,36.3703,30.2869,86.59,42,0,7.52,clear sky
482,Edson,CA,53.5835,-116.4356,53.71,100,100,3.44,overcast clouds
483,Aripuana,BR,-9.1667,-60.6333,89.73,28,0,3.53,clear sky
484,Penzance,GB,50.1186,-5.5371,67.32,72,20,18.41,few clouds
485,Kapit,MY,2.0167,112.9333,74.28,91,97,0.78,overcast clouds
486,Bandarbeyla,SO,9.4942,50.8122,78.91,71,9,34.74,clear sky
487,Carbondale,US,37.7273,-89.2168,89.06,70,0,4.61,clear sky
488,Buraydah,SA,26.326,43.975,102.15,9,35,14.63,scattered clouds
489,Sivas,TR,39.7916,37.0019,75.83,49,20,14.97,few clouds
490,Khani,GE,41.9563,42.9566,71.17,54,0,4.07,clear sky
491,Rawson,AR,-43.3002,-65.1023,50.45,66,99,20.4,overcast clouds
492,Gondanglegi,ID,-7.7479,112.0132,75.09,87,92,10.4,overcast clouds
493,Meulaboh,ID,4.1363,96.1285,79.21,81,31,2.24,scattered clouds
494,Turkmenabat,TM,39.0733,63.5786,89.15,15,0,10.58,clear sky
495,Siloam Springs,US,36.1881,-94.5405,91.29,54,0,17.27,clear sky
496,Vardo,NO,70.3705,31.1107,49.98,87,100,18.41,overcast clouds
497,Blagoyevo,RU,63.3667,47.9167,78.82,49,97,5.37,overcast clouds
498,Ankang,CN,32.68,109.0172,78.4,53,0,2.44,clear sky
499,San Jose De Guanipa,VE,8.8872,-64.1651,84.11,60,62,9.86,broken clouds
500,Baracoa,CU,20.3467,-74.4958,85.01,63,85,12.15,overcast clouds
501,Alyangula,AU,-13.8483,136.4192,65.41,67,28,10.38,scattered clouds
502,Marsa Matruh,EG,31.3525,27.2453,82.09,54,0,14.56,clear sky
503,Mount Gambier,AU,-37.8333,140.7667,47.46,82,32,5.32,scattered clouds
504,Middle Island,US,40.8843,-72.9373,86.25,65,40,14.97,scattered clouds
505,Santa Maria,BR,-29.6842,-53.8069,72.72,64,99,8.55,overcast clouds
506,Urumqi,CN,43.801,87.6005,70.75,49,0,2.24,clear sky
507,Namatanai,PG,-3.6667,152.4333,79.3,78,99,7.05,light rain
508,Tomatlan,MX,19.9333,-105.25,84.49,60,38,1.97,scattered clouds
509,Birao,CF,10.2849,22.7882,90.07,42,71,4.54,broken clouds
510,Tuy Hoa,VN,13.0833,109.3,81.43,85,100,6.33,overcast clouds
511,Imbituba,BR,-28.24,-48.6703,69.1,88,100,5.99,overcast clouds
512,Alekseyevka,RU,50.6309,38.6903,81.14,53,43,5.82,scattered clouds
513,Novovarshavka,RU,54.1721,74.6946,61.23,80,100,8.25,overcast clouds
514,Yanaul,RU,56.2719,54.9309,69.46,70,59,8.99,broken clouds
515,Sterling,US,39.0062,-77.4286,88.02,63,75,8.99,broken clouds
516,Broken Hill,AU,-31.95,141.4333,44.6,70,0,9.31,clear sky
517,Souillac,MU,-20.5167,57.5167,69.15,67,100,15.37,overcast clouds
518,Ahipara,NZ,-35.1667,173.1667,56.19,92,100,6.98,light rain
519,Mackenzie,CA,55.2999,-123.1698,57.47,89,100,0.54,overcast clouds
520,Hornepayne,CA,49.2138,-84.7705,63.41,45,2,5.35,clear sky
521,Barmer,IN,25.75,71.3833,90.1,58,55,14.25,broken clouds
522,High Level,CA,58.5169,-117.136,57.72,77,99,2.21,overcast clouds
523,Canoinhas,BR,-26.1772,-50.39,68.76,51,97,3.83,overcast clouds
524,Marzuq,YE,14.4,46.4667,95.61,12,100,13.85,overcast clouds
525,Liepaja,LV,56.5419,21.0367,64.38,59,40,13.8,scattered clouds
526,Waddan,LY,29.1614,16.139,100.78,15,0,18.23,clear sky
527,Tommot,RU,58.9564,126.2925,65.59,98,99,1.34,overcast clouds
528,Svetlogorsk,BY,52.6333,29.7333,79.77,58,100,9.01,overcast clouds
529,Amapa,BR,1.0,-52.0,83.93,66,0,2.93,clear sky
530,Haines Junction,CA,60.7522,-137.5108,61.65,63,85,1.36,overcast clouds
531,Broome,US,42.2506,-75.833,74.62,73,75,6.91,broken clouds
532,Taunggyi,MM,20.7833,97.0333,64.6,97,100,2.06,overcast clouds
533,Mwense,ZM,-10.3845,28.698,81.57,24,7,4.09,clear sky
534,Ramhormoz,IR,31.28,49.6035,111.61,8,0,9.1,clear sky
535,Nganjuk,ID,-7.6051,111.9035,74.91,88,87,7.54,overcast clouds
536,Monte Alegre De Minas,BR,-18.8706,-48.8808,78.94,28,0,14.2,clear sky
537,Atasu,KZ,48.6814,71.6433,65.73,54,89,3.74,overcast clouds
538,Augusto Correa,BR,-1.0217,-46.635,81.79,81,3,4.43,clear sky
539,High Prairie,CA,55.4334,-116.4858,54.86,84,20,5.7,few clouds
540,Carballo,ES,43.213,-8.691,81.75,63,0,15.39,clear sky
541,Ouargaye,BF,11.5033,0.0572,95.43,33,57,6.93,broken clouds
542,Rio Gallegos,AR,-51.6226,-69.2181,32.5,86,100,7.92,overcast clouds
543,Elesbao Veloso,BR,-6.2019,-42.1403,91.71,33,4,9.55,clear sky
544,West Bay,KY,19.3667,-81.4167,87.87,79,20,10.36,few clouds
545,Cockburn Town,TC,21.4612,-71.1419,81.14,75,8,15.32,clear sky
546,Guzelyurt,TR,38.2772,34.3719,75.49,24,0,7.63,clear sky
547,Berdyaush,RU,55.1619,59.1464,53.4,99,100,3.85,light rain
548,Miles City,US,46.4083,-105.8406,74.37,73,0,5.75,clear sky
549,Orlik,RU,52.5178,99.825,51.42,85,100,3.76,light rain
550,Edd,ER,13.9297,41.6925,93.33,50,39,11.27,scattered clouds
551,Hofn,IS,64.2539,-15.2082,55.42,76,40,10.36,scattered clouds
552,Pouebo,NC,-20.4,164.5667,74.98,82,100,9.08,overcast clouds
553,Dandong,CN,40.1292,124.3947,76.77,90,100,14.27,heavy intensity rain
554,Xam Nua,LA,20.4197,104.0439,69.08,99,100,2.3,overcast clouds
555,Copiapo,CL,-27.3667,-70.3333,49.69,34,100,3.06,overcast clouds
556,Carleton Place,CA,45.1334,-76.1494,70.66,85,98,4.0,overcast clouds
557,Mercedes,AR,-34.6515,-59.4307,54.03,74,42,10.78,scattered clouds
558,Teculutan,GT,14.9833,-89.7167,74.95,73,40,0.0,scattered clouds
559,Amurzet,RU,47.6967,131.0981,70.34,94,30,4.43,scattered clouds
560,Te Anau,NZ,-45.4167,167.7167,32.61,96,38,1.21,scattered clouds
561,San Rafael Del Sur,NI,11.8485,-86.4384,81.57,75,88,11.7,overcast clouds
562,Nizamabad,IN,18.6667,78.1167,76.08,88,99,11.48,overcast clouds
563,Maykor,RU,59.0059,55.88,64.83,83,80,5.44,broken clouds
564,Ulaanbaatar,MN,47.9077,106.8832,69.93,30,40,8.95,light rain
565,Antofagasta,CL,-23.65,-70.4,67.21,55,76,8.48,broken clouds
566,Osterburg,DE,52.7833,11.7667,68.22,41,98,10.65,overcast clouds
567,Shetpe,KZ,44.1667,52.1167,72.88,33,0,15.79,clear sky
568,Jalu,LY,29.0331,21.5482,99.46,16,0,16.46,clear sky
569,Lyaskelya,RU,61.7667,31.0167,65.39,57,99,9.28,overcast clouds
570,Hala,PK,25.8131,68.4227,84.18,51,54,8.55,light rain
571,Ambulu,ID,-8.345,113.6058,74.86,86,67,4.97,broken clouds
572,Naryan-Mar,RU,67.6713,53.087,66.15,87,95,8.97,moderate rain
573,Morsbach,DE,50.8667,7.75,68.67,53,100,8.28,overcast clouds
574,Kentau,KZ,43.5206,68.5094,82.11,17,3,14.99,clear sky
575,Rurrenabaque,BO,-14.4413,-67.5278,85.89,70,20,0.0,few clouds
576,Coos Bay,US,43.3665,-124.2179,61.99,99,100,0.0,overcast clouds
577,Sao Pedro Do Piaui,BR,-5.9294,-42.7186,88.29,39,14,8.48,few clouds
578,Biloela,AU,-24.4167,150.5,48.83,76,0,2.75,clear sky
579,Yei,SS,4.095,30.6779,80.96,55,52,2.42,broken clouds
580,Faqirwali,PK,29.4663,73.034,103.28,31,96,7.99,overcast clouds
581,Oktyabrskoye,RU,43.0645,44.7417,78.35,36,79,13.42,broken clouds
582,Sindor,RU,62.8629,51.8905,78.78,42,43,9.33,scattered clouds
583,Vagur,FO,61.4732,-6.8119,48.92,83,42,14.63,scattered clouds
584,Kamenka,RU,51.3223,42.7678,77.7,42,0,2.26,clear sky
585,Rozhyshche,UA,50.9154,25.2691,66.13,72,100,9.1,overcast clouds
586,Denpasar,ID,-8.65,115.2167,78.46,78,40,11.5,scattered clouds
587,Campamento,HN,14.55,-86.65,74.43,83,98,4.83,overcast clouds
588,Salinopolis,BR,-0.6136,-47.3561,83.77,65,6,6.6,clear sky
589,Bandar-E Lengeh,IR,26.5579,54.8807,95.11,66,90,6.91,haze
590,Clonakilty,IE,51.6231,-8.8706,69.1,70,94,15.55,overcast clouds
591,Tigre,AR,-34.426,-58.5796,55.27,95,100,10.36,light intensity drizzle
592,Velyka Lepetykha,UA,47.1757,33.9436,86.94,36,67,10.78,broken clouds
593,Flinders,AU,-34.5833,150.8552,58.17,92,100,3.0,light rain
594,Muros,ES,42.7762,-9.0603,82.83,52,0,15.77,clear sky
595,Keti Bandar,PK,24.1447,67.4497,86.05,74,60,11.34,light rain
596,Sasni,IN,27.7167,78.0833,98.78,36,58,4.99,broken clouds
597,Jolo,PH,6.05,121.0167,77.95,89,75,2.86,broken clouds
598,Bedele,ET,8.456,36.353,62.49,92,59,5.01,light rain
599,Eydhafushi,MV,5.1033,73.0708,82.6,81,99,14.7,overcast clouds
600,Bilma,NE,18.6853,12.9164,104.83,8,0,10.56,clear sky
601,Mayumba,GA,-3.432,10.6554,73.56,78,41,10.11,scattered clouds
602,Xai-Xai,MZ,-25.0519,33.6442,67.77,75,0,7.49,clear sky
603,Bahia Blanca,AR,-38.7196,-62.2724,55.99,58,100,15.08,overcast clouds
604,Moa,CU,20.6569,-74.9403,84.22,63,17,13.67,few clouds
605,Catamarca,AR,-28.4696,-65.7852,75.58,34,36,2.64,scattered clouds
606,Filadelfia,US,39.9523,-75.1638,90.01,64,75,10.36,broken clouds
607,Mayo,US,38.8876,-76.5119,89.94,65,20,5.75,few clouds
608,Katete,UG,-0.7818,29.7544,80.19,32,14,5.7,few clouds
609,General Roca,AR,-39.0333,-67.5833,53.62,38,66,29.42,broken clouds
610,Palau,PW,7.503,134.621,76.96,88,100,4.61,overcast clouds
611,Saint-Denis,FR,48.9167,2.3333,83.23,38,0,10.36,clear sky
612,Sur,OM,22.5667,59.5289,86.5,77,75,10.4,broken clouds
613,Moron,AR,-34.6534,-58.6198,53.96,97,75,8.1,broken clouds
614,Waingapu,ID,-9.6567,120.2641,71.89,69,29,10.31,scattered clouds
615,Pacific Grove,US,36.6177,-121.9166,64.22,85,50,4.0,scattered clouds
616,Poso,ID,-1.3959,120.7524,77.47,88,100,3.6,overcast clouds
617,Prudnik,PL,50.3212,17.5746,69.94,56,66,6.58,broken clouds
618,Kifri,IQ,34.6959,44.9661,107.92,8,0,5.55,clear sky
619,Priargunsk,RU,50.3691,119.1012,60.3,94,100,5.37,overcast clouds
620,Iranshahr,IR,27.2025,60.6848,102.54,25,100,4.61,haze
621,Brigantine,US,39.4101,-74.3646,91.2,61,0,11.5,clear sky
622,Araouane,ML,18.9048,-3.5265,107.2,14,10,10.22,clear sky
623,Aguada De Pasajeros,CU,22.385,-80.8508,85.64,64,100,5.91,overcast clouds
624,Rocky Mountain House,CA,52.3668,-114.9188,53.71,87,83,1.14,broken clouds
625,Sisophon,KH,13.5859,102.9737,78.94,89,100,8.68,light rain
626,Astaneh-Ye Ashrafiyeh,IR,37.2596,49.9444,78.73,47,0,9.62,clear sky
627,Porto Santo,PT,33.072,-16.3415,71.98,60,75,12.66,broken clouds
628,Awjilah,LY,29.1081,21.2869,99.55,16,0,16.98,clear sky
629,Floro,NO,61.5996,5.0328,55.47,94,75,17.27,drizzle rain
630,Sept-Iles,CA,50.2001,-66.3821,67.05,47,75,5.75,broken clouds
631,Isla Mujeres,MX,21.2311,-86.731,86.05,65,15,5.82,few clouds
632,Naze,JP,28.3667,129.4833,77.92,90,98,7.38,overcast clouds
633,Ergani,TR,38.2653,39.7621,92.59,13,1,2.64,clear sky
634,Hailar,CN,49.2,119.7,59.52,93,100,8.93,overcast clouds
635,Longhua,CN,23.6137,114.1919,76.39,99,100,1.57,overcast clouds
636,Morada Nova,BR,-5.1067,-38.3725,89.37,38,8,11.1,clear sky
637,Pidhorodne,UA,48.5753,35.1068,91.96,25,50,6.49,scattered clouds
638,Biak,ID,-0.9131,122.8766,75.92,87,100,4.63,light rain
639,Arman,RU,59.7,150.1667,52.21,95,22,4.54,few clouds
640,Goderich,CA,43.7501,-81.7165,70.12,68,100,4.61,overcast clouds
641,Napierville,CA,45.1865,-73.4047,71.73,65,81,4.61,broken clouds
642,Ha Tinh,VN,18.3333,105.9,80.19,89,100,2.1,heavy intensity rain
643,Uarini,BR,-2.99,-65.1083,88.43,53,5,4.18,clear sky
644,Lebowakgomo,ZA,-24.2,29.5,72.5,31,0,5.21,clear sky
645,Arawa,PG,-6.2132,155.5367,76.28,89,76,4.68,light rain
646,Kayerkan,RU,69.3497,87.7602,52.12,89,100,4.12,overcast clouds
647,Mangai,CD,-4.05,19.5333,95.29,18,19,2.93,few clouds
648,Kalmunai,LK,7.4167,81.8167,84.52,66,100,4.61,overcast clouds
649,Genhe,CN,50.7833,121.5167,55.15,99,84,3.8,broken clouds
650,Diego De Almagro,CL,-26.3667,-70.05,65.32,18,99,3.27,overcast clouds
651,Ola,RU,59.5833,151.2833,53.31,89,75,3.02,broken clouds
652,Kiama,AU,-34.6833,150.8667,58.37,94,100,1.99,light rain
653,Shanhetun,CN,44.7,127.2,71.01,98,100,4.56,overcast clouds
654,Boa Vista,BR,2.8197,-60.6733,84.18,74,75,4.61,broken clouds
655,Bobo Dioulasso,BF,11.1771,-4.2979,89.8,47,21,4.74,few clouds
656,Kutum,SD,14.2,24.6667,91.17,16,0,3.02,clear sky
657,Nara,JP,34.6851,135.8049,80.49,57,0,1.23,clear sky
658,Huanren,CN,41.2647,125.3667,72.48,98,100,2.15,light rain
659,Huilong,CN,31.8111,121.655,81.59,86,83,8.84,broken clouds
660,Mahibadhoo,MV,3.7833,72.9667,82.74,77,99,10.02,light rain
661,Kpandae,GH,8.4689,-0.0113,87.39,54,87,5.12,overcast clouds
662,Kampot,KH,10.6167,104.1833,82.45,85,99,8.3,overcast clouds
663,Bambanglipuro,ID,-7.95,110.2833,77.27,86,100,7.61,overcast clouds
664,Grindavik,IS,63.8424,-22.4338,58.95,82,75,16.11,broken clouds
665,Diapaga,BF,12.0708,1.7889,97.83,30,39,6.02,scattered clouds
666,Port Hedland,AU,-20.3167,118.5667,51.85,54,6,8.05,clear sky
667,Mezhdurechensk,RU,53.6942,88.0603,57.74,98,100,7.0,light rain
668,Aykhal,RU,66.0,111.5,56.05,77,84,6.49,light rain
669,Salalah,OM,17.0151,54.0924,78.89,94,100,5.75,light intensity drizzle
670,Powell,US,40.1578,-83.0752,79.61,88,75,6.91,moderate rain
671,Cairns,AU,-16.9167,145.7667,62.06,93,1,6.91,clear sky
672,Hovd,MN,48.0056,91.6419,65.14,29,1,11.03,clear sky
673,Maridi,SS,4.9158,29.4742,81.28,60,99,4.12,overcast clouds
674,Yar-Sale,RU,66.8333,70.8333,63.81,65,99,6.89,overcast clouds
675,Concarneau,FR,47.875,-3.9225,79.09,49,37,11.25,scattered clouds
676,Bardiyah,LY,31.7561,25.0865,83.21,48,0,16.04,clear sky
677,Zaraysk,RU,54.7653,38.8836,81.18,61,98,5.93,overcast clouds
678,Nuevo Laredo,MX,27.4763,-99.5164,88.07,65,40,13.8,scattered clouds
679,Amparafaravola,MG,-17.5833,48.2167,59.97,84,0,6.51,clear sky
680,Labuhan,ID,-6.8844,112.2051,78.48,83,93,3.0,overcast clouds
681,Svarstad,NO,59.399,9.9698,66.99,47,95,14.67,light rain
682,Lewistown,US,40.5992,-77.5714,84.87,94,75,5.75,broken clouds
683,Primorsk,UA,46.7348,36.3443,82.87,46,0,6.08,clear sky
684,Ulu-Telyak,RU,54.9086,56.9669,58.64,99,99,3.58,moderate rain
685,Yambio,SS,4.5721,28.3955,82.74,59,50,3.62,scattered clouds
686,Beyneu,KZ,45.3167,55.2,79.23,25,3,17.02,clear sky
687,Vostok,RU,46.4856,135.8833,65.01,94,13,4.32,few clouds
688,Svetlyy,RU,54.675,20.1347,66.96,62,23,12.62,few clouds
689,Zatoka,UA,46.0725,30.4654,80.44,52,0,9.48,clear sky
690,Uchiza,PE,-8.4592,-76.4633,80.08,58,42,2.33,scattered clouds
691,Usinsk,RU,65.9939,57.5281,77.67,49,9,8.66,clear sky
692,Srednekolymsk,RU,67.45,153.6833,47.84,90,100,11.12,moderate rain
693,Coahuayana,MX,18.7333,-103.6833,83.61,71,59,0.51,broken clouds
694,Sapele,NG,5.8941,5.6767,83.79,71,76,6.33,light rain
695,Kalat,PK,29.0225,66.5916,70.03,70,100,14.2,heavy intensity rain
696,Shemursha,RU,54.8866,47.5189,73.78,65,16,6.13,few clouds
697,Gasa,PS,31.5,34.4667,87.87,58,0,11.68,clear sky
698,Guanica,PR,17.9716,-66.908,89.04,75,5,14.67,clear sky
